Strain,Type,Rating,Effects,Flavor,Description,Strain,Medical,Cost
707-Headband,hybrid,4.3,"Euphoric,Uplifted,Creative","Earthy,Woody,Pungent","This strain emerged from the Humboldt County, California and that area’s telephone area code is the source of its numerical moniker. It’s a cross between Sour Diesel, OG Kush and Master Kush. 707 Headband plants flower in 9 to 11 weeks and usually have large yields. An indica dominant hybrid, this strain is known to have high THC levels and can be strong, but it’s balanced enough to leave most users feeling “heady” and creative rather than sleepy. Because of this, it’s often used to treat tension and anxiety.",,"Depression,Nausea,Stress,Headaches",
9-Pound-Hammer,indica,4.5,"Relaxed,Sleepy,Euphoric,Hungry","Earthy,Sweet,Berry","9 Pound Hammer is an 80% indica strain that crosses Gooberry, Hells OG, and Jack the Ripper. These dense buds are coated in resin, offering sweet grape and lime flavors. True to its indica dominance, effects are heavy and long-lasting, useful for pain and stress relief. Best grown indoors, 9 Pound Hammer will deliver a heavy yield, flowering between 50 and 60 days.",,"Stress,Isomnia,Depression,Muscle Spasms ",
Ak-47,hybrid,4.2,"Relaxed,Uplifted,Euphoric,Energetic","Earthy,Pungent,Woody","Don't let its intense name fool you: AK-47 will leave you relaxed and mellow. This sativa-dominant hybrid delivers a steady and long-lasting cerebral buzz that keeps you mentally alert and engaged in creative or social activities. AK-47 mixes Colombian, Mexican, Thai, and Afghani varieties, bringing together a complex blend of flavors and effects. While AK-47’s scent is sour and earthy, its sweet floral notes can only be fully realized in the taste. Created in 1992 by Serious Seeds, AK-47 has won numerous Cannabis Cup awards around the world for its soaring THC content. For those hoping to fill their gardens with this resinous, skunky hybrid, growers recommend an indoor environment with either soil or hydroponic setups. AK-47 is easy to grow and has a short indoor flowering time of just 53 to 63 days, while outdoor plants typically finish toward the end of October.",Ak-47,"Stress,Depression,Lack of Appetite,Fatigue",
Afghani,indica,4.3,"Relaxed,Sleepy,Euphoric,Hungry","Earthy,Sweet,Pine","Afghani is a heavy indica strain named after its geographic origin, where the earliest varieties of cannabis are believed to have grown. Breeders worldwide have come to treasure Afghani for its heavy resin production which is passed on genetically. With a sweet, earthy aroma, Afghani delivers a deep, sedating relaxation and euphoria. Patients most commonly turn to this potent indica to treat insomnia, pain, and stress disorders.",Afghani,"Stress,Insomnia,Lack of Appetite,Depression",
Agent-Orange,hybrid,4.2,"Euphoric,Uplifted,Relaxed,Energetic","Citrus,Orange,Earthy","Don’t let the name scare you! The only herbicidal warfare Agent Orange will wage is between the excellence of this strain's flavors and uplifting effects. A well-balanced hybrid that combines the smooth Orange Velvet with the bold Jack the Ripper, Agent Orange will capture your senses. Wonderful smells of oranges and fresh-cut citrus fruit will entice you immediately, while the pigments of deep maroon and purple will make this bud stand out in a sea of green. The effects are uplifting and motivating, serving as a great mood enhancer if you are feeling lethargic or depressed.",Agent-Orange,"Depression,Stress,Insomnia,Fatigue",
Amnesia-Haze,sativa,4.3,"Euphoric,Uplifted,Energetic,Creative","Earthy,Citrus,Lemon","With earthy flavors of lemons and citrus, Amnesia Haze is a perfect strain to start your day with a smile. The uplifting, energetic buzz is one you won’t soon forget. Its genetics have been traced back to the South Asian and Jamaican landrace strains, and this Cannabis Cup winner (1st place 2004, 1st place Sativa Cup 2012) has since been popularized in the coffee shops of Amsterdam.",Amnesia-Haze,"Stress,Headaches,Fatigue,Depression",
Ancient-Og,indica,4.6,"Relaxed,Euphoric,Sleepy,Hungry","Earthy,Flowery,Nutty",Ancient OG from Bodhi Seeds is a mostly indica strain descended from an Iranian landrace and Snow Lotus. Its thickly resinous buds exude aromatic notes of earthy pine and sweet citrus that are fully realized in Ancient OG’s taste. This high-yielding indica is best suited for sea of green gardens and has a 70 day flowering time. Outdoor cultivators should prepare for harvest in the month of October.,Ancient-Og,"Insomnia,Stress,Lack of Appetite,Muscle Spasms",
Animal-Cookies,hybrid,4.5,"Relaxed,Euphoric,Creative,Uplifted","Earthy,Sweet,Pungent","Animal Cookies is the child of the legendary hybrid marijuana strains Girl Scout Cookies and Fire OG. This clone-only strain flowers in 9-10 weeks, and grows into dense, frosty green buds tipped with purple. True to its name, Animal Cookies has a sweet, sour aroma with heavy full-body effects that will impress any veteran consumer. This potent medicine might be overkill for mild symptoms, but its ability to obliterate severe pain and insomnia is unprecedented.",Animal-Cookies,"Stress,Depression,Lack of Appetite,Insomnia ",
Apple-Jack,hybrid,3.6,"Euphoric,Relaxed,Focused,Energetic","Apple,Sweet,Earthy","Apple Jack is the beautiful and popular hybrid cross of Jack Herer and White Widow. This potent combination embodies the uplifted clarity of Jack Herer while applying a warm, soothing relaxation to the body. This strain works wonders for patients and consumers suffering from chronic physical pain and nausea. Apple Jack’s aroma, as you might guess, is one of sweet sliced apples with hints of skunk and earth.",Apple-Jack,"Stress,Depression,Nausea,Insomnia ",
Berry-White,indica,4.4,"Relaxed,Euphoric,Uplifted,Sleepy","Berry,Sweet,Blueberry","Berry White is a hybrid strain that is the offspring of parents of near-celebrity status in the cannabis world: Blueberry and White Widow. Berry is famous in its own right for its even, balanced effects that offer relaxation from stress and anxiety along with a sense of euphoria. This strain is perfect for inspiring an upbeat mood and may lead to conversation and creative pursuits. This plant’s flowers have a light sour berry and pine smell and a fresh taste similar to their scent. They generally have a strong blue coloring contrasted by orange hairs.",Berry-White,"Stress,Depression, Insomnia,Headaches",
Black-Cherry-Pie,hybrid,5,"Relaxed,Uplifted,Creative,Euphoric","Earthy,Berry,Sweet","Black Cherry Pie is a fruity strain with colorful foliage. Created by Green Mountain Collective, this strain is the genetic offspring of Blackberry Kush and Cherry Pie. These genetics are exhibited in the deep purple hues overlaid by jade green buds with orange hairs, as well as in the pungent woody aroma smeared with tart blackberry. Black Cherry Pie’s physical effects soothe nausea and minor aches and pains while keeping the mind aloof and creative. Its bright mind and semi-sedative effects make it a natural complement for indoor activities and relaxed evenings.",Black-Cherry-Pie,"Stress,Lack of Appetite,Nausea,Headaches",
Black-Jack,hybrid,4.4,"Relaxed,Euphoric,Uplifted","Earthy,Sweet,Pine","Black Jack is a marijuana strain that produces hard buds with huge, grape-like calyxes that are completely encrusted with THC. The taste is heavy and flavorful and the strain produces exceptionally long-lasting effects. Because of its high THC levels, Black Jack is popular among medical marijuana patients.",Black-Jack,"Lack of Appetite,Stress,Fatigue,Headaches",
Black-Lime-Special-Reserve,indica,4.5,"Relaxed,Euphoric,Sleepy","Lime,Pepper,Citrus","From Aficionado Seeds comes Black Lime Special Reserve, an indica strain that descends from Woodman Canyon Oil Can, Lime Afghani, Northern Lights, Purple Kush, and Chemdawg Special Reserve. Flavors of pine, lemon, and black pepper are ushered in alongside uplifting euphoria, leaving you feeling tingly and relaxed.",Black-Lime-Special-Reserve,"Stress,Depression,Insomnia,Inflammation,Headaches",
Black-Mamba,indica,4.6,"Relaxed,Euphoric,Uplifted","Sweet,Grape,Woody","Black Mamba is named after the deadly African snake (or perhaps the vengeful bride from the movie Kill Bill), so it’s no surprise that this strain is known for being strong (it might just knock less experienced users into nap time). The genetics of this strain are unknown, but its characteristics seem to support the theory that it is a descendent of Granddaddy Purple and maybe Black Domina. These plants produce dark green to purple leaves, but it’s the flowers that appear after about 8 weeks that really give a hint to its supposed heritage. Dark green and dense, these hard nugs have a strong perfumey aroma and a distinctly sweet grape taste that is reminiscent of GDP. Many users report an upbeat feeling that mellows into a state of deep relaxation. Touted for its long-lasting effects, this Black Mamba is one to curl up with, not run away from.",Black-Mamba,"Stress,Depression,Insomnia,Inflammation",
Blackberry-Kush,indica,4.3,"Relaxed,Sleepy,Euphoric,Hungry","Berry,Sweet,Earthy","This mostly indica strain is a mix of Afghani and Blackberry strains and has beautiful dark purple buds with orange hairs. Plants will flower at 7-8 weeks and are not particularly high yielders, but the dense, hard nugs have crystals throughout. Blackberry Kush tends to have a hashy, jet fuel smell and taste that is balanced by sweet berries. Blackberry Kush is often recommended for the treatment of pain thanks to its strong indica body effects.",Blackberry-Kush,"Stress,Insomnia,Depression,Headaches",
Blue-Cookies,hybrid,4.7,"Relaxed,Euphoric,Uplifted,Creative","Berry,Blueberry,Sweet","Blue Cookies is an indica-dominant hybrid cross between two celebrity strains, Girl Scout Cookies and Blueberry. As the child of these heavyweight champion strains, Blue Cookies delivers a crushing blow of euphoria straight to the head, where it swiftly sinks down to relax the entire body. Sweet berry flavors fuse with earthy cherry notes in a flavor profile as enticing as the bud’s thick coat of frosty resin that stretches over twisting hues of green and purple. Novice consumers should approach Blue Cookies with modesty, but this strain’s potency is perfect for hard-to-impress veterans. You may also come across another variation of Blue Cookies, a select Girl Scout Cookies phenotype that lacks the Blueberry genetics.",Blue-Cookies,"Stress,Depression,Lack of Appetite,Insomnia",
Blue-Dream,hybrid,4.4,"Relaxed,Uplifted,Euphoric,Creative","Blueberry,Berry,Sweet","Blue Dream, a sativa-dominant hybrid originating in California, has achieved legendary status among West Coast strains. Crossing a Blueberry indica with the sativa Haze, Blue Dream balances full-body relaxation with gentle cerebral invigoration. Novice and veteran consumers alike enjoy the level effects of Blue Dream, which ease you gently into a calm euphoria. Some Blue Dream phenotypes express a more indica-like look and feel, but the sativa-leaning variety remains most prevalent.With a sweet berry aroma redolent of its Blueberry parent, Blue Dream delivers swift symptom relief without heavy sedative effects. This makes Blue Dream a popular daytime medicine for patients treating pain, depression, nausea, and other ailments requiring a high THC strain. ",Blue-Dream,"Stress,Depression,Lack of Appetite,Insomnia",
Blueberry,indica,4.3,"Relaxed,Euphoric,Sleepy,Uplifted","Blueberry,Berry,Sweet","A true A-List cannabis strain. Blueberry’s legendary status soared to new heights after claiming the High Times’ Cannabis Cup 2000 for Best Indica. The long history of the strain is traced back to the late 1970s when American breeder DJ Short was working with a variety of exotic landrace strains. However, throughout the decades of Blueberry’s cultivation the genetics have been passed around, due in large part to DJ Short working with multiple seed banks and breeders. The sweet flavors of fresh blueberries combine with relaxing effects to produce a long-lasting sense of euphoria. Many medical patients appreciate Blueberry for its ability to suppress pain and relieve stress, while connoisseurs and growers admire the strain for its colorful hues and high THC content.",Blueberry,"Stress,Depression,Insomnia,Fatigue",
Blueberry-Diesel,hybrid,4.2,"Uplifted,Euphoric,Relaxed,Focused","Blueberry,Diesel,Sweet","Blueberry Diesel is a cross of two favorite strains, Blueberry and Sour Diesel. It is probably best known for its strong blueberry smell with hints of fuel from its Diesel lineage. Blueberry also overwhelms the flavor of these sticky flowers, which should have plenty of trichomes and long orange hairs. Effects tend to be happy and relaxing but not too overwhelming, making this a popular choice for many kinds of patients.",Blueberry-Diesel,"Stress,Depression,Lack of Appetite,Insomnia",
Blueberry-Kush,indica,4.3,"Relaxed,Euphoric,Sleepy,Uplifted","Blueberry,Berry,Sweet","Blueberry Kush is a strong indica strain that slowly brings on a heavy body sensation, helping patients forget their pain and relax. Originally from Oregon, this strain is a hybrid of Blueberry and OG Kush, which is evident in its fresh berry aroma with notes of earthy herbalness. This indica is best for evenings or before bed.",Blueberry-Kush,"Stress,Depression,Insomnia,Nausea",
Blueberry-Og,hybrid,4.6,"Hungry,Euphoric","Blueberry,Berry,Flowery","Blueberry OG is a DJ Short Blueberry phenotype with exceptional CBD yielding qualities combined with the indica-dominant legend, OG Kush. This potent, award-winning union doesn’t pack much in the way of psychoactivity, but its anti-anxiety and anti-inflammatory effects make up for any lack of headiness. With flavors of sweet camphor and sandalwood, this strain elevates the consumer's mood and promotes an overall sense of well being.     ",Blueberry-Og,"Stress,Depression,Insomnia,Fatigue",
Bubba-Kush,indica,4.3,"Relaxed,Sleepy,Euphoric,Hungry","Earthy,Sweet,Woody","Bubba Kush is an indica strain that has gained notoriety in the U.S. and beyond for its heavy tranquilizing effects. Sweet hashish flavors with subtle notes of chocolate and coffee come through on the exhale, delighting the palate as powerful relaxation takes over. From head to toe, muscles ease with heaviness as dreamy euphoria blankets the mind, crushing stress while coercing happy moods. Bubba Kush exhibits a distinctive, bulky bud structure with hues that range from forest green to pale purple.Bubba’s stocky plant stature and bulky bud structure suggest Afghani descent, but its genetic origins aren’t certain. The breeder whom this strain was named after states that Bubba Kush emerged just after 1996, when an OG Kush hybrid pollinated an unknown indica strain obtained in New Orleans. The mother plant was supposedly Northern Lights, but the genetically ambiguous indica was simply called “Bubba.” Bubba Kush has flourished from its California roots ever since.",Bubba-Kush,"Stress,Depression,Lack of Appetite,Insomnia",
Candyland,sativa,4.6,"Uplifted,Energetic,Euphoric,Creative","Sweet,Earthy,Flowery","Candyland, a gold medalist of the 2012 KushCon, is a sativa-dominant hybrid bred from Granddaddy Purple and Bay Platinum Cookies. Golden hairs weave through Candyland’s thick coat of sugar-like trichomes and highlight the compact, camouflage-colored buds. This strain grows well indoors and out, and patients turn to Candyland to relieve pain, muscle tension, and sour moods. Strong sativa genetics give Candyland uplifting and stimulating effects, making it a perfect strain for social gatherings or creative pastimes.",Candyland,"Stress,Depression,Fatigue,Headaches",
Cannatonic,hybrid,4.3,"Relaxed,Uplifted,Focused,Euphoric","Earthy,Woody,Sweet","Cannatonic is a unique hybrid strain bred by Spanish seed bank Resin Seeds specifically for its low THC content (rarely above 6%) and high CBD content (6-17%).  A cross between a female MK Ultra and a famous G13 Haze male, it produces a relatively short-lived, mellow high that is also uplifting and powerfully relaxing, thanks to the high CBD content.  As one of the premier medical strains, Cannatonic is often used to treat pain, muscle spasms, anxiety, migraines, and a wide variety of other physiological and psychological symptoms.  Most phenotypes present with a slight earthy odor and a mild, sweet, vaguely citrusy flavor.",Cannatonic,"Stress,Depression,Inflammation,Insomnia",
Cheese,hybrid,4.1,"Relaxed,Euphoric,Uplifted,Hungry","Cheese,Earthy,Pungent","Named for its sharply sour aroma, Cheese is an indica-dominant hybrid from the U.K. that has achieved widespread popularity for its unique flavor and consistent potency. With origins that stretch back to the late 1980s, Cheese is said to descend from a Skunk #1 phenotype whose pungent aroma made it stand out. Breeders like Big Buddha Seeds later introduced Afghani indica genetics to increase Cheese’s trichome production and yields. The resulting hybrid is now well-known for its relaxed, happy effects that gently ease you into a blissful state of mind.",Cheese,"Stress,Depression,Nausea,Lack of Appetite",
Chemdawg-4-X-Alien-Og-Kush,hybrid,4.5,"Relaxed,Energetic,Euphoric,Creative","Nutty,Mint,Flowery","Chemdawg #4 x Alien OG Kush is a sativa-dominant hybrid strain offered exclusively by LivWell in Colorado. Sour and skunky in flavor, these pungent buds carry a complex fragrance with notes of earthy Kush and fresh pine. Prepare yourself for a blissful, relaxing experience that overtakes both mind and body, because this potent strain can skirt past 23% THC.",Chemdawg-4-X-Alien-Og-Kush,"Fatigue,Inflammation,Muscle Spasms,Lack of Appetite,Stress",
Cherry-Ak-47,hybrid,4.4,"Relaxed,Euphoric,Uplifted,Focused","Sweet,Berry,Earthy","This marijuana strain is a rare cherry phenotype of AK-47. With its reddish-purple characteristics and cherry aroma, it's no wonder how Cherry AK-47 got its name. The buds have gold coloring with lime-green leaves layered with trichome heads. This strain's flavors are described as smooth cherry with a creamy sandalwood aftertaste. With a THC level of up to 16% and a CBD level of 0.5%, Cherry AK-47 'creeps' up from a cerebral effect to a complete body sensation.",Cherry-Ak-47,"Stress,Depression,Insomnia,Fatigue",
Cherry-Cookies,hybrid,4.6,"Uplifted,Euphoric,Relaxed,Focused","Sweet,Berry,Pungent","Cherry Cookies is one of the most popular Girl Scout Cookie crosses to date, ranking next to Pink Cookies and Thin Mint Girl Scout Cookies. With similar genetic parentage, Cherry Cookies derives from the blending of Cherry Pie (aka Cherry Kush) and Cookies F2. This cross preserves the tight, slightly purple buds and deep orange pistils while accentuating the cherry tang and tartness on the nose and exhale. This strain behaves like a GSC, offering a medical-grade sedation on the body with an alert mental state.",Cherry-Cookies,"Depression,Headaches,Lack of Appetite",
Cherry-Pie,hybrid,4.4,"Relaxed,Euphoric,Uplifted,Focused","Sweet,Berry,Earthy","Cherry Pie's parents are Granddaddy Purple and Durban Poison. With buds that are dense and full of orange hairs and a touch of purple, this strain smells of sweet and sour cherry pie. The effects have been known to come on in minutes and stick around for a couple hours. ",Cherry-Pie,"Stress,Depression,Lack of Appetite,Insomnia",
Cookie-Wreck,hybrid,4.6,"Relaxed,Euphoric,Uplifted,Focused","Sweet,Earthy,Pungent","Cookie Wreck, also called Cookie Trainwreck, is a hybrid cross between Girl Scout Cookies and Trainwreck bred by CannaVenture Seeds. A subtle cookie-like aroma radiates from its dense buds, but more distinct fruity flavors come out on the exhale. This hybrid’s potency is enough to make both parents proud as its cerebral euphoria and full-body effects hit like a freight train. ",Cookie-Wreck,"Stress,Muscle Spasms,Depression,Nausea",
Cotton-Candy-Kush,hybrid,4.3,"Relaxed,Euphoric,Uplifted,Energetic","Sweet,Berry,Flowery","Named for its soft, fluffy appearance and intense candied aroma, Cotton Candy Kush is a hybrid that crosses Lavender with Power Plant. The result is a pungent palate of sweet, berry flavors and a floral scent. The euphoric effects will have you feeling like a kid in a candy store, while the relaxing powers will keep stress and pain to a minimum.",Cotton-Candy-Kush,"Stress,Depression,Lack of Appetite,Headache",
Deadhead-Og,hybrid,4.4,"Uplifted,Relaxed,Euphoric,Creative","Earthy,Pine,Diesel","A modern West Coast classic, Deadhead OG was created by master breeder Skunk VA of Cali Connection Seeds by crossing two already legendary strains, Chemdawg 91 and the SFV OG Kush.  Known as a very hearty and pungent strain, most phenotypes present an earthy, piney smell and taste, though some can lean more to the diesel aromas of the SFV.  As a cross of two very potent strains, Deadhead OG regularly reaches THC levels over 20%.  Most users describe the high as cerebral and stimulating but with a relaxed body feel.",Deadhead-Og,"Stress,Depression,Nausea,Muscle Spasms",
Double-Dream,hybrid,4.5,"Uplifted,Relaxed,Focused,Euphoric","Sweet,Earthy,Berry","The sativa-dominant hybrid Double Dream puts a unique spin on the famed Blue Dream by crossing it with Dream Star. With a complex flavor profile that synchronizes sweet floral notes with berries and spice, Double Dream is a soothing and mentally invigorating strain that still allows clear-headed functionality. Its dreamy, euphoric buzz is anchored by a deep, physical relaxation that mutes pain, anxiety, stress, and inflammation. Patients also turn to this uplifting strain for daytime release from PTSD, headaches, and nausea.",Double-Dream,"Stress,Depression,Fatigue,Inflammation",
Dougs-Varin,sativa,5,"Uplifted,Creative,Energetic,Focused",None,"Doug’s Varin is a rare sativa strain that was specially crafted to contain high amounts of the cannabinoid THCV, a psychoactive cannabis compound known to relieve panic attacks, Parkinson’s tremors, stimulate bone growth, and provide a burst of energy. Patient’s suffering from anorexia and appetite loss should steer clear of Doug’s Varin, as THCV also suppresses hunger. With an aroma of earthy pine and sweet citrus, Doug’s Varin delivers a clear-headed burst of mental stimulation that doesn’t last as long as high-THC varieties, making this strain a perfect choice for anyone seeking short-term effects.",Dougs-Varin,"Fatigue,Stress,Depression,Inflammation,Nausea",
Durban-Poison,sativa,4.4,"Energetic,Uplifted,Euphoric,Focused","Earthy,Sweet,Pine","This pure sativa originates from the South African port city of Durban. It has gained notoriety worldwide for its sweet smell and energetic, uplifting effects. Durban Poison is the perfect strain to help you stay productive through a busy day, when exploring the outdoors, or to lend a spark of creativity. Growers and concentrate enthusiasts will both enjoy the over-sized resin glands which make this strain a quality choice for concentrate extraction. The buds are round and chunky, and leave a thick coating of trichomes on almost all areas of the plant.",Durban-Poison,"Depression,Stress,Fatigue,Headaches",
Dutch-Treat,hybrid,4.3,"Relaxed,Euphoric,Uplifted,Focused","Sweet,Pine,Earthy","Over the years, Dutch Treat has become an essential strain of the Amsterdam coffee shops. The dense, sticky buds have an intense smell of sweet fruits mixed with pine and eucalyptus trees. The cerebral high comes on quick and leaves consumers feeling uplifted and euphoric while reducing stress and relaxing the mind.",Dutch-Treat,"Stress,Depression, Insomnia,Fatigue",
Earth-Og,hybrid,4.2,"Relaxed,Sleepy,Hungry,Euphoric,Creative","Earthy,Spicy/Herbal,Pine","A combination of Sour Diesel and Ghost OG, Earth OG is a cerebrally-focused hybrid with stimulating and happy effects. As its name suggests, this strain has a pleasant, earthy aroma with sour lemon undertones. Earth OG effects are enjoyable for introverts and extroverts alike: an introspective, creative buzz makes this strain good for solo sessions, but social environments may also bring out its energetic, talkative qualities. Depression, stress, and anxiety stand little chance against Earth OG’s uplifted mindset, and patients treating appetite loss and nausea may also benefit from its potent therapeutic effects.",Earth-Og,"Stress,Depression,Insomnia,Lack of Appetite, ",
El-Chapo-Og,indica,4.7,"Relaxed,Uplifted,Sleepy,Euphoric","Earthy,Flowery,Pungent","El Chapo OG is a potent indica strain out of California that smells of rich earth and pine. With dense jade popcorn buds that exhibit a shimmering coat of trichomes, this strain is visually striking and worth keeping on display. Its effects are initially stunning and settle on the body as carefree relaxation. El Chapo OG is preferred near the end of the day as its effects can become rather sedating with continued use.   ",El-Chapo-Og,"Stress,Insomnia,Muscle Spasms,Depression",
Fire-Og,hybrid,4.4,"Relaxed,Euphoric,Uplifted,Energetic","Earthy,Citrus,Lemon","Known for being one of the strongest of the OG strains, Fire OG has a strong scent similar to Lemon Pledge and an effect that can last up to 3 hours. With parents of OG Kush and San Fernando Valley OG Kush F3, the THC can be up to 20% with a CBD of 0.36%. The plant has frost covered nuggets with red hairs, giving the appearance that it is on fire--where the name Fire OG comes from. Flowering time is generally 9-10 weeks.",Fire-Og,"Stress,Depression,Lack of Appetite,Insomnia",
Forbidden-Fruit,indica,4.6,"Relaxed,Euphoric,Sleepy,Creative","Citrus,Grapefruit,Tropical","Forbidden Fruit is the mouthwatering cross of Cherry Pie x Tangie. This sumptuous genetic cross expresses a beautiful dense bud structure with deep purple hues, dark green foliage, and wiry orange hairs. The terpene profile is a perfect mixture of Cherry Pie’s musky, sweet cherry undertones and Tangie’s loud tropical flavors. There are also notes of pine, mango, and passionfruit candy. The effects hit hard between the eyes and lay into the body with each hit. Forbidden Fruit’s deep physical relaxation and mental stoniness make it perfect for dulling minor physical discomfort and discarding stress. ",Forbidden-Fruit,"Stress,Depression,Insomnia,Nausea",
Frida,indica,4.9,"Relaxed,Euphoric,Creative,Sleepy","Lemon,Earthy,Pine","With the dense, full flavor of her indica parentage and over 12% CBD from an ACDC mother, Frida is a complex and enchanting strain that provides relief for mind and body while fueling inspiration, sensuality, appetite, and meditation. Named in celebration of “The Heroine of Pain,” Frida by Raven Grass reminds the consumer to reach further, encouraging physical wellness without encumbering you with sedation. Enjoy Frida’s therapeutic effects as a panacea for hangovers, chronic pain, anxiety, and depression. This high-CBD indica-dominant hybrid is a beautiful stone-alone strain, but is also an excellent addition to cannabis blends.",Frida,"Stress,Inflammation,Insomnia,Depression",
Fruit-Spirit,hybrid,4.4,"Focused,Relaxed,Euphoric,Sleepy","Earthy,Blueberry,Sweet","Fruit Spirit is a 60% sativa-dominant hybrid that was bred by Royal Queen Seeds through crossing Blueberry and White Widow. This is a match made in heaven, as Fruit Spirit inherits a pleasant blueberry aroma and White Widow’s heavy resin production. A sense of happiness eases the mind in total cerebral relaxation, making Fruit Spirit suitable for patients treating mood disorders, anxiety, or depression. This sweet-smelling hybrid flowers in 7 to 8 weeks indoors, but outdoor gardens should only be grown in warm, sunny regions.",Fruit-Spirit,"Stress,Lack of Appetite,Depression,Headaches",
Gg-4,hybrid,4.7,"Relaxed,Euphoric,Uplifted,Hungry","Earthy,Pungent,Pine","GG #4, formerly known as Gorilla Glue #4, developed by GG Strains, is a potent hybrid strain that delivers heavy-handed euphoria and relaxation, leaving you feeling “glued” to the couch. Its chunky, resin-covered buds fill the room with pungent earthy and sour aromas inherited from its parent strains, Chem’s Sister, Sour Dubb, and Chocolate Diesel. Taking first place in both the Michigan and Los Angeles 2014 Cannabis Cups as well as the High Times Jamaican World Cup, this multiple award-winning hybrid's supremacy is no longer a secret, and consumers will search far and wide to get their hands sticky with GG #4.",Gg-4,"Stress,Depression,Lack of Appetite,Insomnia",
Gsc,hybrid,4.5,"Relaxed,Euphoric,Uplifted,Creative","Earthy,Sweet,Pungent","GSC, formerly known as Girl Scout Cookies, is an OG Kush and Durban Poison hybrid cross whose reputation grew too large to stay within the borders of its California homeland. With a sweet and earthy aroma, GSC launches you to euphoria’s top floor where full-body relaxation meets a time-bending cerebral space. A little goes a long way with this hybrid, whose THC heights have won GSC numerous Cannabis Cup awards. Patients needing a strong dose of relief, however, may look to GSC for severe pain, nausea, and appetite loss.There are several different phenotypes of the GSC strain including Thin Mint and Platinum Cookies, which exhibit some variation in appearance and effect. Typically, however, GSC expresses its beauty in twisting green calyxes wrapped in purple leaves and fiery orange hairs. Patients and consumers looking to cultivate this cannabis staple themselves should wait 9 to 10 weeks for their indoor plants to finish flowering.",Gsc,"Stress,Depression,Lack of Appetite,Insomnia ",
Gelato,hybrid,4.7,"Relaxed,Euphoric,Uplifted,Creative","Sweet,Pungent,Flowery","Gelato (also referred to as 'Larry Bird') is another tantalizing hybrid cannabis strain from Cookie Fam Genetics, following in the footsteps of its parents Sunset Sherbet and Thin Mint Girl Scout Cookies. This Bay Area, California native gets its name from the fruity, dessert-like aroma, a common genetic thread among the Cookie family. Her buds tend to bloom in dark purple hues illuminated by fiery orange hairs and a shining white coat of crystal resin. Novice consumers may want to approach this THC powerhouse with caution, but those armed with a high tolerance will delight in Gelato’s heavy-handed euphoria. Physical relaxation comes on strong, but many find themselves still mentally agile enough to stay productive and creative when enjoying Gelato during the day.",Gelato,"Depression,Stress,Insomnia,Lack of Appetite",
Gods-Gift,indica,4.5,"Relaxed,Euphoric,Sleepy,Hungry","Grape,Earthy,Sweet","A strain that became popular in California dispensaries in 2005, God's Gift contains flavors of grape, citrus, and hash. Its parents are Granddaddy Purple and OG Kush. No matter what your belief system, this strain is a 'gift' with its strong THC content of 18-22%. Its flowering time usually takes approximately 8-9 weeks.",Gods-Gift,"Stress,Insomnia,Depression,Lack of Appetite",
Golden-State-Banana,indica,4.8,"Euphoric,Relaxed,Sleepy,Creative","Citrus,Sweet,Tropical","Golden State Banana is a fruity indica cross of Ghost OG and Banana Kush. This semi-sedative strain fills the consumer’s mind with euphoria while wrapping the limbs in a warm, relaxing sensation. The aroma is a mixture of Ghost OG’s pungent, citrus terpenes and Banana Kush’s tropical scents, creating a rich bouquet with bright floral sweetness. Uplifting and relaxing, Golden State Banana’s effects are ideal for unwinding at the end of the day while elevating mood and frontloading creativity.  ",Golden-State-Banana,"Insomnia,Lack of Appetite,Stress,Nausea",
Gorilla-Cookies,hybrid,4.8,"Relaxed,Euphoric,Uplifted,Sleepy","Sweet,Earthy,Minty","Gorilla Cookies by Elev8 Seeds is the powerful union of Gorilla Glue #4 and Thin Mint Girl Scout Cookies. The pungent Gorilla Glue aroma is loud, but Thin Mint’s exotic terpene profile adds nuance to the bouquet. Both parents were bred for potency and that shows in the resin-coated buds that harden like stones after curing. Enjoy this one-hitter quitter with care, as the effects will alter the trajectory of your entire day. Gorilla Cookies is a quality strain for managing physical pain, nausea, and stress.",Gorilla-Cookies,"Stress,Depression,Insomnia,Nausea",
Granddaddy-Purple,indica,4.4,"Relaxed,Sleepy,Euphoric,Hungry","Grape,Berry,Sweet","Introduced in 2003 by Ken Estes, Granddaddy Purple (or GDP) is a famous indica cross between Purple Urkle and Big Bud. This California staple inherits a complex grape and berry aroma from its Purple Urkle parent, while Big Bud passes on its oversized, compact bud structure. GDP flowers bloom in shades of deep purple, a contrastive backdrop for its snow-like dusting of white crystal resin.Its potent psychoactive effects are clearly detectable in both mind and body, delivering a fusion of cerebral euphoria and physical relaxation. While your thoughts may float in a dreamy buzz, your body is more likely to find itself fixed in one spot for the duration of GDP’s effects. Like most heavy indica varieties, Granddaddy Purple is typically pulled off the shelf to treat pain, stress, insomnia, appetite loss, and muscle spasms. GDP blesses growers with massive commercial yields which are ready for harvest following a 60 day flowering time indoors.",Granddaddy-Purple,"Stress,Insomnia,Depression,Lack of Appetite",
Grape-Ape,indica,4.3,"Relaxed,Sleepy,Euphoric,Uplifted","Grape,Sweet,Berry","Grape Ape, propagated by Apothecary Genetics and Barney’s Farm, is a mostly indica strain that crosses Mendocino Purps, Skunk, and Afghani. Named for its distinct grape-like smell, this indica is known for providing carefree relaxation that can help soothe pain, stress, and anxiety. Its dense, compact buds are wreathed in deep purple leaves which darken as this indica reaches full maturation following its 7 to 8 week flowering time.",Grape-Ape,"Stress,Depression,Insomnia,Headaches",
Grapefruit,sativa,4.3,"Uplifted,Energetic,Euphoric,Focused","Grapefruit,Citrus,Sweet","This potent sativa was developed by crossing Cinderella 99 with a fast-flowering sativa selected for its rich grapefruit flavor. The tropical, citrus smell of Grapefruit mixes with energetic effects to give you a happy stress-reliever that also works well for battling migraine headaches.",Grapefruit,"Stress,Depression,Fatigue,Headaches",
Green-Crack,sativa,4.3,"Energetic,Uplifted,Focused,Euphoric","Earthy,Citrus,Sweet","Don’t let the name fool you: this is pure cannabis. Few strains compare to Green Crack’s sharp energy and focus as it induces an invigorating mental buzz that keeps you going throughout the day. With a tangy, fruity flavor redolent of mango, Green Crack is the perfect daytime medication for patients treating fatigue, stress, and depression.Green Crack has branched into two genetic lineages, the most common of which is its sativa line descended from Skunk #1. The 75% indica variety of Green Crack is said to have come from an Afghani strain, and is marked by a tighter bud structure. Because its name perpetuates a negative image of cannabis, some people have taken to calling this strain Cush (with a ‘C’) or Green Cush instead.",Green-Crack,"Stress,Depression,Fatigue,Headaches",
Green-Ribbon,hybrid,4.2,"Energetic,Euphoric,Focused,Creative","Sweet,Earthy,Flowery","Green Ribbon is a 50/50 hybrid that tends towards the sativa side when it comes to effects; patients report an energetic, heady feeling when using it. Originating in San Jose, California, this strain includes some Green Crack but the status of the other parent is unknown, with Trainwreck, Afghanica, and White Rhino all contenders. The light green buds have a subtle floral scent and are slightly fruity, lending to an earthy taste. Green Ribbon generally has a high THC content around 18-20%.",Green-Ribbon,"Depression,Stress,Headaches,Muscle Spasms",
Harlequin,sativa,4.3,"Relaxed,Focused,Euphoric,Uplifted,Energetic","Earthy,Sweet,Woody","Harlequin is a 75/25 sativa-dominant strain renowned for its reliable expression of CBD. A descendant of Colombian Gold, a Nepali indica, and Thai and Swiss landrace strains, you can depend on Harlequin to provide clear-headed, alert sativa effects. Unlike most high-CBD strains, Harlequin almost always develops a CBD:THC ratio of 5:2, making this strain one of the most effective out there for treatment of pain and anxiety, as CBD can counteract THC’s paranoia while amplifying its painkilling properties. Flavors can range from earthy musk to sweet mango, but without a doubt, what draws crowds to Harlequin is its ability to relax without sedation and to relieve without intoxication.",Harlequin,"Stress,Depression,Inflammation,Headaches",
Headband,hybrid,4.3,"Relaxed,Uplifted,Euphoric,Creative","Earthy,Diesel,Citrus","Meet Headband, the love-child of cannabis’ power couple, OG Kush and Sour Diesel. The smooth, creamy smoke is accented by flavors of lemons and diesel while the long-lasting effects are great for pain relief, helping you to relax, and to combat elevated stress levels. Many report that the effects create a slight pressure around the crown of their head and feels as though they are wearing a headband. The effects have been known to come on slow, so pace yourself with this potent hybrid. ",Headband,"Stress,Depression,Insomnia,Headaches",
Holy-Grail-Kush,hybrid,4.5,"Relaxed,Uplifted,Euphoric,Creative","Earthy,Pungent,Woody","Holy Grail Kush is a newer strain created by seed breeders DNA Genetics and Reserva Privada Colorado. It entered into the Seed Company Hybrids category at the 2011 High Times Cannabis Cup. As the offspring of multi-award winners OG #18 and Kosher Kush, it’s no surprise that Holy Grail Kush came out on top and is said to have nabbed the competition’s first-ever perfect score. The plants are easy to grow, with large, dense buds appearing at 9 to 10 weeks. Most of Holy Grail Kush’s praise centers around its potency; THC levels have tested at over 20%, but this hybrid produces a more mellow relaxation than the melt-your-face-off indica sensation the name might suggest. The aroma of this plant is pure kush and has a strong spicy citrus smell, both while growing and once harvested, that is uniquely complex.",Holy-Grail-Kush,"Stress,Depression, Insomnia,Fatigue",
Humboldt-Headband,indica,4.8,"Euphoric,Sleepy,Relaxed,Focused","Sweet,Grape,Diesel","Humboldt Headband is Humboldt Seed’s version of the crowd-pleaser, Headband. Unlike the traditional sativa-dominant Headband, Humboldt breeds in Purple Panty Dropper for its weighty indica genetics, resulting in a euphoric 75% indica-dominant strain that relieves aches and pains. Expect a heady pressure that may resemble the sensation of wearing a headband. As its effects melt into the body, anticipate pleasurable physical relaxation with latent aphrodisiac effects.",Humboldt-Headband,"Stress,Depression,Insomnia,Lack of Appetite, ",
J1,hybrid,4.5,"Euphoric,Creative,Uplifted,Energetic","Citrus,Pine,Sweet","J1, or Jack One, is a high-end hybrid strain that is gaining widespread popularity. Although a hybrid, the high-energy effects categorize the strain more on the sativa end of the scale. J1 is a cross between two famous sativas, Skunk #1 and Jack Herer, and is best known for its strong, uplifting, clear-headed buzz that allows for mobility. The flowers are emerald green and frosty with a sweet aroma resembling the unmistakable Jack Herer pungency. This strain’s seemingly only flaw is the top-shelf price that tends to come with its exceptional quality.",J1,"Stress,Depression,Fatigue,Nausea",
Jack-Herer,sativa,4.4,"Uplifted,Energetic,Focused,Euphoric","Earthy,Pine,Woody","Jack Herer is a sativa-dominant cannabis strain that has gained as much renown as its namesake, the marijuana activist and author of The Emperor Wears No Clothes. Combining a Haze hybrid with a Northern Lights #5 and Shiva Skunk cross, Sensi Seeds created Jack Herer hoping to capture both the cerebral elevation associated with sativas and the heavy resin production of indicas. Its rich genetic background gives rise to several different variations of Jack Herer, each phenotype bearing its own unique features and effects. However, consumers typically describe this 55% sativa hybrid as blissful, clear-headed, and creative.Jack Herer was created in the Netherlands in the mid-1990s, where it was later distributed by Dutch pharmacies as a recognized medical-grade strain. Since then, the spicy, pine-scented sativa has taken home numerous awards for its quality and potency. Many breeders have attempted to cultivate this staple strain themselves in sunny or Mediterranean climates, and indoor growers should wait 50 to 70 days for Jack Herer to flower.",Jack-Herer,"Stress,Depression,Fatigue,Lack of Appetite",
Jesus-Og,sativa,4.6,"Uplifted,Euphoric,Energetic,Relaxed","Lemon,Citrus,Earthy","Jesus OG was bred by TGA Subcool Seeds as the not-so-immaculate conception of Hell’s Angel OG and Jack the Ripper (talk about an “unholy” parentage). Jesus OG proves to be a godsend for growers and produces tall plants and heavy yields. Users enjoy the lemony kush aroma of this sativa-dominant hybrid, along with heavy effects that relax the body while leaving the mind functional and clear.",Jesus-Og,"Depression,Stress,Lack of Appetite,Inflammation",
Jet-Fuel,hybrid,4.6,"Uplifted,Relaxed,Euphoric,Focused","Diesel,Pungent,Earthy","Jet Fuel, also known as G6, from 303 Seeds is the ultimate cross of some of the most renowned Diesel strains. By combining Aspen OG with High Country Diesel, we are left with a sativa-driven hybrid that stays true to the influence of SFV OG Kush and East Coast Sour Diesel in its lineage. The name Jet Fuel isn’t purely devoted to the sweet, pungent aroma of diesel fumes that this strain exudes, but also the high-energy jolt of uplifting sativa effects that eventually level off to provide a dream-like state of relaxation.",Jet-Fuel,"Depression,Stress,Fatigue,Inflammation",
Kali-Mist,sativa,4.1,"Energetic,Focused,Uplifted,Euphoric,Creative","Woody,Earthy,Citrus","Kali Mist is known to deliver clear-headed, energetic effects that can verge on psychedelic at times. Despite having an unknown genetic history, Kali Mist is believed to have originated in the 1990s through crossing two sativa-dominant hybrids. This lightweight sativa is a perfect choice for consumers looking to maintain focus and productivity throughout their day.",Kali-Mist,"Stress,Headaches,Inflammation,Depression",
Key-Lime-Pie,hybrid,4.5,"Euphoric,Relaxed,Uplifted,Sleepy,Creative","Lime,Sweet,Citrus","Key Lime Pie from Burning Bush Nurseries is a gourmet phenotype of the superstar strain Girl Scout Cookies. Selected for its strong indica characteristics and heavy resin production, this dynamic hybrid boasts flavors of lime candy, mint, and spice that spark flavors of earth and chocolate when activated by heat. The buds of Key Lime Pie regularly show traces of purple hues due to the plant’s affinity towards colder temperatures. The bold indica influence produces relaxing body effects that help to relieve chronic pain and insomnia, but have been known to overwhelm those less familiar with cannabis.",Key-Lime-Pie,"Stress,Depression,Insomnia,Muscle Spasms",
King-Louis,indica,4.6,"Relaxed,Sleepy,Euphoric,Hungry","Earthy,Woody,Pine","King Louis XIII might be most famous for making wigs on men de rigeur for the French aristocracy, but in Southern California the name will bring to mind a popular indica-dominant strain. This strain announces itself as many people did in the 1600s: by its smell. The difference is this monarch’s odor is one that’s meant to be enjoyed; its dense nugs have an overwhelmingly piney smell with an earthy musk that will have you thinking of your last forest adventure. Bred in part from OG Kush, Louis XIII has a very similar spicy kush aroma. Good for insomnia, this strain often tests at over 20% THC.",King-Louis,"Stress,Insomnia,Depression,Muscle Spasms",
Kryptonite,indica,4.3,"Relaxed,Euphoric,Creative","Flowery,Tropical,Sweet","A mysterious clone-only hybrid, Kryptonite is rumored to be a cross between Mendocino Purps and Killer Queen created by breeders at the Bay Area’s famed Oaksterdam University. Known to produce THC levels up to of 25%, this indica-dominant strain is a good choice for those seeking to treat serious pain without the extreme sleepiness associated with some pure indicas. Kryptonite features a musty tropical fruit smell and a sweet, sugary flavor reminiscent of Cinderella 99, one of the parent strains to Killer Queen.",Kryptonite,"Stress,Depression,Insomnia,Fatigue",
Laughing-Buddha,sativa,4.4,"Euphoric,Uplifted,Energetic","Tropical,Sweet,Spicy/Herbal","Laughing Buddha is an award-winning sativa (2003 High Times Cannabis Cup) from Barney's Farm that grows fast and tall. An earthy cross between Thai and Jamaican strains with a sweet, fruity smell that is broken up by hints of spice and provides a rich pungent smoke that will leave consumers feeling happy, upbeat, and will leave them giggling even when battling depression. The oversized colas often need pruning and extra support, but the added work pays off come harvest time when full, frosty buds cover almost the entire plant.",Laughing-Buddha,"Stress,Depression,Fatigue,Lack of Appetite,Insomnia",
Lemon-Kush,hybrid,4.1,"Relaxed,Euphoric,Uplifted,Energetic","Lemon,Citrus,Earthy","The general consensus surrounding Lemon Kush is that is a cross between Master Kush and Lemon Joy. However, breeder specific variations exist. Alien Genetics, for example, explains their Lemon Kush as a hybrid between Lemon G, a prized strain from Ohio, and an Afghan Kush. The genetics are the only area of dispute as everyone will agree that the sweet flavors of lemon and citrus mix exceptionally well with the earthy kush undertones. The light green buds are covered in a white frosting of trichomes and provide uplifting and creative effects. Lemon Kush is the perfect solution for when the stresses of life have you feeling sour.",Lemon-Kush,"Stress,Depression,Insomnia",
Lemon-Skunk,hybrid,4.3,"Uplifted,Relaxed,Euphoric,Focused","Lemon,Skunk,Citrus","Lemon Skunk was conceived from two separate Skunk phenotypes that displayed exceptionally zesty lemon traits. The skunky, citrus flavor draws you in immediately, and the happy, energetic buzz will shake you out of any funk. DNA Genetics has developed Lemon Skunk as great strain for combating depression and stress.",Lemon-Skunk,"Stress,Depression,Lack of Appetite,Headaches",
Lifesaver,hybrid,4.5,"Relaxed,Euphoric,Energetic,Uplifted","Citrus,Sweet,Berry","When it comes to both its candy-like taste and ability to knock out chronic pain, Lifesaver definitely lives up to its name. This indica-dominant cross of the breeder strains BOG Bubble and Subcool JCB was created to meet the special demands of pain sufferers. Relaxing with a grape and bubble gum aroma, this strain is worth a try for those looking for a stronger, medicated feeling. Lifesaver flowers quickly, usually within 8 weeks.",Lifesaver,"Stress,Muscle Spasms,Inflammation,Spasticity",
Mai-Tai-Cookies,hybrid,4.9,"Relaxed,Euphoric,Creative,Uplifted","Orange,Tree,Fruit,Spicy/Herbal","Mai Tai Cookies is a CBD-rich hybrid strain bred by Terraform Genetics, who crossed Alien Orange Cookies and ACDC.  She took 1st place for “Best CBD Flower” at the 2016 High Times Cannabis Cup in Los Angeles. This hybrid is very frosty compared to most CBD strains and has a unique aroma of cherries and orange peels.  With a high that is very relaxing and yet functional, patients would typically choose this strain for pain and anxiety. Her flowers have a dense structure similar to that of Girl Scout Cookies and are ready for harvest after a flowering cycle of 50-55 days. This wonderful strain won 1st Place for Best CBD Flower at the 2016 High Times Cannabis Cup in Los Angeles and 2nd Place for Best CBD Concentrate at the 2016 High Times Concentrate Cup.",Mai-Tai-Cookies,"Stress,Depression,Insomnia,Fatigue, ",
Master-Kush,indica,4.3,"Relaxed,Euphoric,Sleepy,Uplifted","Earthy,Pungent,Woody","Master Kush is a popular indica cross created out of two landrace strains from different parts of the Hindu Kush region. Master Kush is bred by the Dutch White Label Seed Company, located in Amsterdam. During maturation the plant produces a subtle earthy, citrus smell with a hint of incense, which is often described as a vintage flavor. The taste of Master Kush is reminiscent of the famous hard-rubbed charas hash. This strain holds a superb balance of full-body relaxation without the mind-numbing effect that many indica strains produce. Instead, Master Kush offers a sharpened sensory awareness that can bring out the best of any activity.",Master-Kush,"Stress,Depression,Insomnia,Lack of Appetite ",
Master-Yoda,hybrid,4.5,"Relaxed,Euphoric,Uplifted,Focused","Pungent,Sweet,Earthy","With lab-tested THC levels that reach over 20%, strong medicine, Master Yoda is. This strain, however, is not about brute “Force,” as the original Master Yoda would know, and the sativa side of this mostly indica buzz has just enough of an uplifting balance to please just about anyone. Master Yoda clinched 1st Place at High Times Los Angeles Cannabis Cup in 2012, where the OG Kush and Master Kush cross was already a local favorite. Growers also like this strain for its hybrid resilience and its 8 week flowering time.",Master-Yoda,"Lack of Appetite,Muscle Spasms,Stress,Depression,Insomnia",
Maui-Wowie,sativa,4.4,"Euphoric,Uplifted,Energetic,Relaxed,Creative","Tropical,Pineapple,Citrus","Maui Wowie (not Maui Waui) is a classic sativa whose tropical flavors and stress-relieving qualities will float you straight to the shores of Hawaii where this strain was originally born and raised. Since its beginnings in the island’s volcanic soil, Maui Wowie has spread across the world to bless us with its sweet pineapple flavors and high-energy euphoria. Lightweight sativa effects allow your mind to drift away to creative escapes, while Maui Wowie’s motivating, active effects may be all you need to get outside and enjoy the sun. This tall, lanky strain is best suited for cultivation in warm, tropical climates that mirror its homeland, but a bright environment and nutrient-rich soil are typically adequate for indoor growth.  ",Maui-Wowie,"Stress,Depression,Fatigue,Headaches",
Monster-Cookies,indica,4.6,"Relaxed,Sleepy,Euphoric,Hungry","Earthy,Grape,Pine","Monster Cookies is an 80% indica cross between Girl Scout Cookies and Granddaddy Purple that delivers a jarring dose of euphoria and relaxation. Its aroma is dominated by earthy notes, enriched by a grape and berry scent passed on by Granddaddy Purple. Hues of purple and green weave together under a silver blanket of crystal trichomes, colors that continue to darken with maturation. Calming sedation wells up over time, making this strain ideal for late night use.",Monster-Cookies,"Stress,Depression,Insomnia,Lack of Appetite,Headaches",
Nyc-Diesel,hybrid,4.2,"Uplifted,Relaxed,Energetic,Euphoric","Diesel,Earthy,Pungent","Bred by Soma Sacred Seeds, NYC Diesel (or Soma Sour Diesel) is a 60% sativa-dominant cross between Mexican and Afghani landraces. This strain provides strong cerebral effects that ease into a deep, full-body relaxation over time. A pungent lime and grapefruit aroma is the mark of a high quality batch, like those that won this strain five Cannabis Cup trophies in the early 2000s. NYC Diesel’s happy, talkative qualities make this hybrid a good choice for social activities and many anxiety-prone consumers praise it for its paranoia-free effects.",Nyc-Diesel,"Stress,Depression,Fatigue,Headaches",
Northern-Lights,indica,4.4,"Relaxed,Sleepy,Euphoric,Uplifted","Earthy,Sweet,Pine","Northern Lights stands among the most famous strains of all time, a pure indica cherished for its resinous buds, fast flowering, and resilience during growth. Itself a descendant of indigenous Afghani and Thai landrace strains, Northern Lights has given rise to famous hybrids like Shiva Skunk and Super Silver Haze. Rumor has it that Northern Lights first sprouted near Seattle, Washington, but was propagated out of Holland after 1985 at what is now Sensi Seeds.Pungently sweet, spicy aromas radiate from the crystal-coated buds, which sometimes reveal themselves in hues of purple. Northern Lights’ psychoactive effects settle in firmly throughout the body, relaxing muscles and pacifying the mind in dreamy euphoria. Comfortable laziness allows patients to relieve pain and sleeplessness, while its mellow contentment roots out depression and stress. Several different Northern Lights phenotypes circulate the market, but Sensi Seeds recommends a general indoor flowering time of 45 to 50 days.",Northern-Lights,"Stress,Insomnia,Depression,Nausea",
Og-18,hybrid,4.6,"Relaxed,Sleepy,Hungry,Euphoric","Earthy,Pine,Diesel","OG #18, a phenotype of OG Kush, was introduced by DNA Genetics. Also known as 'Private Reserve,' this indica-dominant hybrid delivers a long-lasting sedative and trancey high, ideal for leisure and relaxation. True to its predecessors, this flower carries the distinct diesel kush flavor with sour undertones. Its prominence is not new: a winner of the High Times Cannabis Cup in '09 and '10, as well as the Europe Champions Cup and Spannabis Indoor Hydro Cup in '10. Interested in growing? Plan for a 9 week flowering time indoors.",Og-18,"Stress,Depression,Insomnia,Muscle Spasms",
Og-Kush,hybrid,4.3,"Relaxed,Euphoric,Uplifted,Sleepy","Earthy,Pine,Woody","OG Kush makes up the genetic backbone of West Coast cannabis varieties, but in spite of its ubiquity, its genetic origins remain a mystery. Popular myth maintains that Chemdawg and Hindu Kush parented OG Kush, passing on the distinct “kush” bud structure we see in many strains today. However, we can’t be sure because OG Kush first came from bag seed in the early 90s. The earliest propagators (now known as Imperial Genetics) are said to have brought the seeds out of Florida to Colorado and southern California, where it now flourishes. There are many different phenotypes of OG Kush, some of which include Tahoe OG, SFV OG, and Alpha OG. OG Kush is cherished for its ability to crush stress under the weight of its heavy euphoria. It carries an earthy pine and sour lemon scent with woody undertones, an aroma that has become the signature of OG Kush varieties and descendants. With OG Kush, patients most commonly cite improvements in migraines, ADD/ADHD, and stress disorders.",Og-Kush,"Stress,Depression,Insomnia,Lack of Appetite",
Orange-Cookies,hybrid,4.6,"Relaxed,Uplifted,Euphoric,Creative","Citrus,Orange,Sweet","Orange Cookies bred by Franchise Genetics is a hybrid that combines Orange Juice with the renowned Girl Scout Cookies. A flavor-packed strain, Orange Cookies expresses itself with a strong aroma of sweet citrus that closely resembles a fresh tangerine. The flavors of Orange Cookies gives way to deep calming body effects that mingle with a euphoric cerebral buzz to leave you happy and relaxed. ",Orange-Cookies,"Stress,Depression,Lack of Appetite,Fatigue",
Paris-Og,indica,4.6,"Relaxed,Sleepy,Euphoric,Uplifted","Earthy,Lemon,Pine","Paris OG is an indica-dominant strain with calming effects that promote rest and relaxation. Rumor has it that Paris OG descends from Headband and Lemon OG, who together pass on a sweet blend of fruity, citrus flavors. With victories in multiple competitions including 1st place in the 2014 Michigan High Times' Cannabis Cup, Paris OG has undoubtedly secured itself a long-lasting reputation in the cannabis world.",Paris-Og,"Stress,Inflammation,Insomnia,Depression",
Pineapple,hybrid,4.2,"Uplifted,Euphoric,Relaxed,Energetic","Pineapple,Tropical,Sweet","Pineapple was developed by selecting a phenotype of Ed Rosenthal’s Super Bud (ERSB) that expressed predominantly indica traits and had intense tropical flavors. After generations of inbreeding, the strain developed a sturdy structure and more pronounced flavors of pineapple and diesel. The buds take on a bulbous shape that, in a way, resemble the fruit. A perfect strain for stress relief, Pineapple will transport you to your happy place, leaving you uplifted and relaxed.",Pineapple,"Stress,Depression,Fatigue,Headaches",
Pineapple-Cookies,hybrid,4,"Energetic,Euphoric,Uplifted","Pineapple,Sweet,Flowery","Pineapple Cookies by Calyx Gardens is an introspective Platinum Girl Scout Cookies cross with flavor to spare. It was created by breeding the Calyx Garden Pineapple OG Kush father (Poison OG x Purple Pineapple) with the long-lasting body-melter Platinum GSC. Relaxation and happiness creep across the body, gradually dissolving stress and depression as the consumer’s mood elevates. This strain's aroma is bright and buttery, exhibiting sweet notes from both its parents.",Pineapple-Cookies,"Stress,Depression,Fatigue,Muscle Spasms",
Pineapple-Express,hybrid,4.4,"Uplifted,Euphoric,Energetic,Relaxed","Pineapple,Sweet,Tropical","Pineapple Express combines the potent and flavorful forces of parent strains Trainwreck and Hawaiian. The smell is likened to fresh apple and mango, with a taste of pineapple, pine, and cedar. This hard-hitting sativa-dominant hybrid provides a long-lasting energetic buzz perfect for productive afternoons and creative escapes.",Pineapple-Express,"Stress,Depression,Fatigue,Lack of Appetite",
Platinum-Bubba-Kush,indica,4.5,"Euphoric,Relaxed,Sleepy,Uplifted","Earthy,Flowery,Woody","Platinum Bubba Kush is a “platinum” level indica-dominant strain for those who are looking for strong medicine. Best for strong body relaxation, pain relief, sleepiness and appetite stimulation, Pbk is a long-lasting “creeper” that may take a few minutes to kick in, but you won’t miss it once it does. Floral and full of kush spiciness in aroma, the flowers of this strain will have a surprisingly sweet flavor that’s a patient favorite. Across between Platinum OG Kush and Bubba Kush, this indica finishes flowering in 8 to 9 weeks. These dense, purple-hued nugs are popular in California and are finding their way to other areas.",Platinum-Bubba-Kush,"Stress,Insomnia,Depression,Headaches",
Platinum-Gsc,hybrid,4.6,"Relaxed,Euphoric,Uplifted,Hungry","Sweet,Earthy,Pungent","If you thought GSC couldn’t get any better, then behold its next evolution, Platinum GSC, formerly known as Platinum Girl Scout Cookies. This Cup-winning hybrid -- a cross of OG Kush, Durban Poison, and a third unknown strain -- fills your nose and lungs with sweet notes of berry and candy, followed by a fruity spiciness. Patients with severe pain, nausea, swelling, migraines, and stress should look no further for relief as symptoms both physical and mood-related melt away instantly. The Platinum GSC strain flaunts a heavy coat of crystal trichomes over its sage green leaves, assuring its potency to any consumer in doubt. ",Platinum-Gsc,"Stress,Depression,Headaches,Lack of Appetite",
Platinum-Og,indica,4.4,"Relaxed,Sleepy,Euphoric,Hungry","Earthy,Pine,Pungent","Platinum OG is just as precious as the metal it’s named after. With a THC content regularly topping 20%, this indica-dominant hybrid asserts itself as one of the “heaviest” strains around. Platinum OG is purported to stem from three strains: Master Kush, OG Kush, and a third unknown parent. Flowers are lime green and plump, with prominent orange hairs and a platinum coating thanks to the abundance of THC crystals. A brief, heady onset settles into a powerful physical sedation suitable for nighttime use and pain, stress, or anxiety relief, making this precious strain a robust healer.",Platinum-Og,"Stress,Insomnia,Depression,Muscle Spasms",
Presidential-Og,indica,4.5,"Relaxed,Sleepy,Euphoric","Earthy,Citrus,Woody","Presidential OG (also called Presidential Kush) by Royal Queen Seeds is an indica cross between Bubble Gum and OG Kush that definitely knows how to get your attention with its intense citrus-pine smell. As far as taste goes, it maintains the pine flavor and heads into more earthy terrain. Almost purely indica, this strain hits hard and fast with a sedative effect that make this a popular choice for those dealing with insomnia or stress. ",Presidential-Og,"Stress,Insomnia,Depression,Headaches",
Purple-Animal-Cookies,hybrid,0,"Euphoric,Relaxed",Grape,"Purple Animal Cookies by CannaVenture Seeds is an indica-dominant cross with beautiful coloration and potent effects. The strain was bred by crossing Animal Cookies with LVPK, and is generally a Cookie-dominant cross of these genetics. This leads to a sweet, earthy aroma and happy, relaxing effects that intensify with continued consumption. It has an average flowering time of 9 to 10 weeks, and offers a fair yield to attentive growers. Purple Animal Cookies’ happy, sedating buzz makes it an ideal fit for the end of the workday.",Purple-Animal-Cookies,"Stress,Muscle Spasms,Lack of Appetite",
Purple-Diesel,hybrid,4.2,"Relaxed,Uplifted,Euphoric,Energetic,Focused","Sweet,Berry,Diesel","Purple Diesel, bred by Cali Connection, is a wonder among hybrid strains. While most of the effects are similar to traditional sativas (energizing, uplifting, focused), Purple D is also an exceptional strain for pain relief. A sneaky cross between Pre-98 Bubba Kush and Sour Diesel, this strain takes a while to fully kick in. However, once the effects begin to present themselves, users are struck by a type of giggly, euphoric bliss. A favorite among daytime users, Purple Diesel features a sour, fuel-like aroma. For those interested in growing, this strain has an early flowering time of around 8 weeks and features dense buds with deep purple leaves.",Purple-Diesel,"Depression,Stress,Headaches,Fatigue",
Purple-Punch,indica,4.6,"Relaxed,Sleepy,Euphoric,Uplifted","Berry,Sweet,Grape","Purple Punch is the sweet and sedating union of two indica-dominant classics. By breeding Larry OG with Granddaddy Purple, the astonishing trichome laden Purple Punch was born, smelling of grape candy, blueberry muffins, and tart Kool-Aid. The potency of this strain gives the consumer a one-two punch to the head and body, initially landing between the eyes and settling down into the limbs. Purple Punch is a delicious dessert strain that is best suited for after dinner. Its effects are preferred for managing nausea, stress, minor body aches, and sleeplessness.",Purple-Punch,"Stress,Insomnia,Depression,Headaches",
Purple-Tangie,sativa,4.5,"Euphoric,Energetic,Relaxed,Creative","Citrus,Orange,Tropical","A spin on the citrus-loaded Tangie sativa, Purple Tangie is a flavorful strain that invigorates the spirit with uplifting euphoria. In a show of its quality, Purple Tangie took 1st place in the “Best Medical Sativa Concentrate” category at the 2016 High Times Cannabis Cup in Los Angeles. You may find that Purple Tangie offers an energetic kick to your social skills, but this strain can certainly be enjoyed in isolation, especially when you’re occupied by creative projects.",Purple-Tangie,"Depression,Stress,Headaches,Nausea ",
Purple-Urkle,indica,4.4,"Relaxed,Sleepy,Euphoric,Uplifted","Grape,Sweet,Berry","Purple Urkle’s history is as complex as its flavor palate. A California strain, the origins are believed to stem from a select phenotype of Mendocino Purps, while the essence is a blend of skunk, berry, and fresh grapes. Consumers report the indica effects to be deeply relaxing, sleep-inducing, and a great option for full-body pain relief. The short onset of effects make it a perfect nighttime strain for those who suffer from insomnia.",Purple-Urkle,"Insomnia,Stress,Depression,Muscle Spasms",
Raskal-Og,hybrid,4.1,"Euphoric,Uplifted","Lemon,Earthy,Pungent","With parents OG Kush and SFV OG Kush, Raskal OG smells of lemon and pine with a musty and grassy taste. Bred by Cali Connection, the THC levels range up to 17% and the CBD is up to 0.86%. With dense light and dark green colored buds, this sticky strain is soft when broken apart.",Raskal-Og,"Depression,Stress,Insomnia,Lack of Appetite",
Romulan-Grapefruit,hybrid,4.3,"Relaxed,Euphoric,Sleepy","Grapefruit,Citrus,Sweet","Top quality hybrid, amazingly strong scent. Grows like the Grapefruit in size and stature but has a bigger punch and stronger smell due to the Romulan influence.",Romulan-Grapefruit,"Inflammation,Stress,epression,Nausea",
Royal-Kush,hybrid,4.2,"Relaxed,Sleepy,Euphoric,Hungry","Woody,Earthy,Skunk","Royal Kush by G13 Labs is a king among hybrids, delivering powerful trance-like effects with an earthy, skunky aroma. This balanced hybrid descends from the renowned line of Afghani and Skunk #1, two strains that have gained legendary status among cannabis breeders. Royal Kush’s happy, euphoric relaxation branches out in full-body effects that later ease into deep restfulness conducive for sleep. Patients treating stress, pain, and nausea can benefit from Royal Kush’s potent relief, but less seasoned consumers should take caution with this hard-hitter. This strain has a unique coverage of white pistil hairs, and growers are recommended an 8 to 13 week flowering time for their indoor Royal Kush plants.",Royal-Kush,"Insomnia,Stress,Muscle Spasms,Depression",
Sfv-Og,hybrid,4.4,"Relaxed,Uplifted,Euphoric,Focused","Earthy,Pine,Pungent","SFV OG by Cali Connection is a sativa-dominant hybrid that is great for patients who need strong pain relief but don’t want to be stuck on the couch. As the name indicates, this OG Kush relative originates from California’s San Fernando Valley. Although their names are barely distinguishable, SFV OG Kush is actually the Afghani-crossed child to SFV OG. The flowers will stay fairly small and may not look super impressive, but what it lacks in looks it makes up for in smell. The pine and lemon earthiness that SFV exudes can be a bit harsh and bitter if smoked, so this strain is one to save for the vaporizer if consuming directly. Its indica body effects take a little longer to feel than the initial head haziness, but once they do, everything will feel fine.",Sfv-Og,"Stress,Depression,Headaches,Insomnia",
Sour-Apple,hybrid,4.2,"Relaxed,Euphoric,Uplifted,Sleepy","Apple,Sweet,Pungent","Expect to pucker up, because this strain will send your tastebuds a-tinglin’. Bright green in color with a distinct sour apple candy aroma, Sour Apple lives up to its name. You won’t get a sugar rush from this strain, however, but it may leave you stuck on the couch. This indica-dominant hybrid is good for after work or on a lazy afternoon. A cross between Sour Diesel and Cinderella 99, Sour Apple at its best is extremely potent and full-bodied. Try this strain if you’re looking to relax and ease stress.",Sour-Apple,"Stress,Depression,Insomnia,Headaches",
Sour-Diesel,sativa,4.4,"Uplifted,Euphoric,Energetic,Relaxed","Diesel,Pungent,Earthy","Sour Diesel, sometimes called Sour D, is an invigorating sativa-dominant strain named after its pungent, diesel-like aroma. This fast-acting strain delivers energizing, dreamy cerebral effects that have pushed Sour Diesel to its legendary status. Stress, pain, and depression fade away in long-lasting relief that makes Sour Diesel a top choice among medical patients. This strain took root in the early 90's, and it is believed to have descended from Chemdawg 91 and Super Skunk.",Sour-Diesel,"Stress,Depression,Fatigue,Headaches",
Sour-Tangie,sativa,4.6,"Uplifted,Euphoric,Energetic,Focused","Citrus,Diesel,Orange","DNA Genetics’ Sour Tangie is an 80% sativa cross between East Coast Sour Diesel and Tangie. Sour Tangie brings together the classic Sour Diesel aroma with Tangie’s creative, elevating buzz and strong citrus overtones. This sativa has two different phenotypes that express either Sour Diesel or Tangie bud structures and effects. Sour Tangie grows quickly in its vegetative cycle and finishes flowering in 9 to 10 weeks indoors.",Sour-Tangie,"Stress,Depression,Fatigue,Lack of Appetite,  ",
Strawberry,sativa,4.4,"Relaxed,Uplifted,Euphoric","Strawberry,Sweet,Flowery","Originally bred in the Netherlands, Strawberry is a mostly sativa cannabis strain with a pungent fruity scent and uplifting effects. Consumers prone to anxiety choose Strawberry for its stress-relieving qualities without the jarring paranoia common among high THC strains. Comfortable and relaxing, Strawberry brings physical and mental relief to patients treating symptoms mild or severe. Strawberry is grown both indoors and out with a 9 week flowering time.",Strawberry,"Stress,Depression,Inflammation ",
Strawberry-Banana,hybrid,4.5,"Relaxed,Euphoric,Uplifted,Creative","Strawberry,Sweet,Berry","Strawberry Banana is a 70/30 indica-dominant cannabis strain developed by DNA Genetics in collaboration with Serious Seeds. A genetic cross between Crockett’s Banana Kush and the “Strawberry” phenotype of Bubble Gum, Strawberry Banana inherits a sweet fruity flavor that earned this hybrid her name. Known for its heavy resin production and high THC content, Strawberry Banana produces happy, peaceful effects that sharpen creativity and sensory awareness.",Strawberry-Banana,"Stress,Depression,Lack of Appetite,Insomnia",
Strawberry-Blondie,hybrid,4.9,"Euphoric,Uplifted,Relaxed,Creative","Strawberry,Sweet,Earthy","Strawberry Blondie by Los Angeles Kush is an indica-dominant hybrid with soothing effects and full flavors. Created by crossing the famous Strawberry Banana with another indica-dominant dose of fruitiness, Banana OG, this fruit basket strain offers a sweet and flavorful terpene profile with relaxing effects. Known as an exceptional sleep aid, Strawberry Blondie imbues the consumer with an introspective mental buzz and a deep body high that slowly lulls consumers into a meditative and peaceful physical state. ",Strawberry-Blondie,"Stress,Depression,Insomnia,Lack of Appetite, ",
Strawberry-Lemonade,sativa,4.3,"Relaxed,Euphoric,Uplifted,Energetic","Strawberry,Lemon,Berry","Strawberry Lemonade is a sativa-dominant strain that took 1st in High Times’ 2015 Denver Cannabis Cup as “Best Sativa Concentrate.” The supposed cross of Strawberry Cough and Lemon OG, Strawberry Lemonade stays true to form, exhibiting tangy aromas and flavors coupled with a heady onset and complementary body effects. Enjoy Strawberry Lemonade throughout the day, but don’t plan too far ahead as this strain can be whimsical and intensely relaxing.",Strawberry-Lemonade,"Stress,Depression,Inflammation,Fatigue",
Strawberry-Milkshake,hybrid,4.4,"Relaxed,Uplifted,Euphoric","Sweet,Strawberry,Berry","Strawberry Milkshake, a perfect 50/50 hybrid, flaunts the fruity flavor of its parent, Strawberry Soda, and the pungent richness of White Fire Alien OG. This combination leaves muscles relaxed and politely tranquilizes overactive, racing minds. Expect laughter, a touch of energy, and a noticeable weight in the eyes.",Strawberry-Milkshake,"Headaches,Stress,Depression,Fatigue,Insomnia",
Sunset-Sherbert,hybrid,4.6,"Relaxed,Euphoric,Uplifted,Creative","Sweet,Citrus,Earthy","Heir to the Girl Scout Cookies throne is Sunset Sherbet (or Sunset Sherbert), an indica-leaning hybrid with intoxicatingly potent effects. Sunset Sherbet inherits the genetic lineage of its Girl Scout Cookies parent, whose ancestors include the famed OG Kush, Cherry Pie, and Durban Poison. Crossed with an indica known as Pink Panties, Sunset Sherbet exhibits powerful full-body effects elevated by a jolt of cerebral energy. A complex aroma colors Sunset Sherbet with notes of skunky citrus, sweet berry, and that candy-like smell redolent of its Girl Scout Cookies parent. Stress, tension, and sour moods melt away with the carefree mindset and physical relaxation that comes with this rich hybrid.",Sunset-Sherbert,"Stress,Depression,Fatigue,Insomnia",
Super-Green-Crack,sativa,4.5,"Energetic,Focused,Euphoric","Earthy,Flowery,Pungent","Super Green Crack is a true sativa. Like a cup of strong coffee, this strain will give you a hefty boost of energy to start your day. The daughter of Super Silver Haze and Green Crack, Super Green Crack is vivacious, thoughtful, and creative. This strain is perfect for those looking to combat fatigue or depression. Super Green Crack features an extremely pungent aroma,  producing a strong skunk-like scent. The effects of this strain are moderate to long-lasting, and a little goes a long way.",Super-Green-Crack,"Depression,Muscle Spasms,Inflammation",
Super-Lemon-Haze,sativa,4.4,"Uplifted,Energetic,Euphoric,Focused","Lemon,Citrus,Sweet","A sativa-dominant hybrid of Lemon Skunk and Super Silver Haze and two time Cannabis Cup winner from Green House Seeds. Super Lemon Haze is a kief-caked multi-colored wonder. As the name states this strain has real lemony characteristics. The smell is zesty, citrusy, and a little sweet. As for the taste, it's everything one would expect from the namesake; tart and sweet like lemonheads candy - not quite as sharp as one might expect. The effects are uniquely energetic and lively, may not be the best strain for those of us that are naturally wound-up tight.",Super-Lemon-Haze,"Stress,Depression,Lack of Appetite,Fatigue, ",
Swiss-Tsunami,sativa,4.8,"Relaxed,Uplifted,Focused,Euphoric,Sleepy","Earthy,Citrus,Orange","Swiss Tsunami is a rare CBD-rich strain with a pungent smell. A genetic cross of Swiss Gold and Sour Tsunami, Swiss-Tsu is a potent pairing that can generate over 14% CBD with just 0.5% THC on average. Reeking of skunky, herbaceous terpenes and having the bright yet delicate flavor of orange peel on the exhale, Swiss Tsunami is a connoisseur CBD cut in a league of its own. Enjoy this strain to help relieve inflammation, nausea, and anxiety.",Swiss-Tsunami,"Stress,Depression,Fatigue,Headaches",
Tangie,sativa,4.5,"Uplifted,Energetic,Euphoric,Relaxed","Citrus,Orange,Sweet","Tangie is another fantastic offering from DNA Genetics in Amsterdam that has quickly gained popularity in its home and is spreading elsewhere. This strain is a remake of sorts of the popular version of Tangerine Dream that was sought-after in the 1990s. The genetics on this strain are a cross of California Orange and a Skunk hybrid, and its citrus heritage is the most evident in its refreshing tangerine aroma. As a plant, Tangie grows best outside, producing sticky buds that provide euphoric yet relaxed effects.",Tangie,"Stress,Depression,Fatigue,Lack of Appetite",
The-White,hybrid,4.6,"Relaxed,Euphoric,Creative,Uplifted","Earthy,Pine,Pungent","This mysterious strain, supposedly from somewhere in Florida and originally called “Triangle,” is aptly named; The White is covered with so many white trichomes that the buds look like they were rolled in confectioner’s sugar. While it looks much like an OG in structure and certainly has the potency associated with the best OG Kush cuts, it has little of the smell or flavor found in those West Coast favorites. In fact, The White is actually known for a distinct lack of odor or flavor, leaving some to pass it over in favor of other more pungent varieties. The high is usually described as a true hybrid effect with equal body and head sensation, and definitely very potent.",The-White,"Stress,Depression,Insomnia,Headaches",
Trainwreck,hybrid,4.2,"Euphoric,Relaxed,Uplifted,Creative","Earthy,Pine,Lemon","Trainwreck is a mind-bending hybrid with potent sativa effects that hit like a freight train. Mexican and Thai sativas were bred with Afghani indicas to produce this Northern California staple, passing on a sweet lemon and spicy pine aroma. Trainwreck begins its speedy hurtle through the mind with a surge of euphoria, awakening creativity and happiness. Migraines, pain, and arthritis are mowed down by Trainwreck’s high THC content, and many patients also use it for relief of anxiety, ADD/ADHD, and PTSD. Trainwreck flowers finish up in early October outdoors, while indoor gardens are ready for harvest 8 weeks into flowering.",Trainwreck,"Stress,Depression,ain,Fatigue,Headaches",
Truffle-Butter,indica,4.5,"Sleepy,Euphoric","Sweet,Vanilla,Chestnut","Truffle Butter by THClones is a sedating genetic cross with sweet terpenes. Created by crossing Gelato and Chocolate Kush, this strain’s aroma is a mixture of fruit, caramel, and floral notes. Truffle Butter gently sedates the body, turning even seasoned consumers into lethargic couch potatoes. This strain’s relaxing qualities make it ideal for abating stress and insomnia.  ",Truffle-Butter,"Stress,Insomnia,Headaches,Depression",
Venom-Og,hybrid,4.4,"Relaxed,Euphoric,Sleepy,Uplifted","Earthy,Pungent,Pine","Venom OG from Rare Dankness Seeds is an indica-dominant cross between Poison OG and Rare Dankness #1. Its forest-green buds are dense with a tangle of bright orange hairs, and it has an aroma of skunk, pine, lemon, and diesel. This strain is recommended for nighttime use as its effects tend toward full-body relaxation, but it also provides some sensory elevation that is enjoyable for lazy activities. Patients have found Venom OG a potent remedy for pain, arthritis, anxiety, and sleep disorders. Venom OG is suitable for outdoor or indoor gardens and its breeders suggest a 50 to 65-day flowering period.",Venom-Og,"Stress,Depression,Nausea,Inflammation",
Watermelon,indica,4.5,"Relaxed,Hungry,Sleepy,Euphoric","Sweet,Berry,Tropical","Watermelon is an 80% indica strain. Its large, dense buds are valued for their high THC content and relaxing effects, useful as a sleeping aid or appetite stimulant. As the name suggests, this strain has a distinct fruity watermelon flavor profile, reminiscent of grape with hashy undertones. Watermelon is prized by growers for its high yield and potency, requiring 55 to 60 days flowering time.",Watermelon,"Stress,Depression,Muscle Spasms,Insomnia, ",
Wedding-Cake,hybrid,4.7,"Relaxed,Euphoric,Uplifted,Focused","Sweet,Vanilla,Earthy","Wedding Cake, also known as Pink Cookies, is the familial genetic cross of Girl Scout Cookies and Cherry Pie. This delectable treat is rich with tangy sweet earth and pepper, taking notes and dimension from its OG and Durban Poison parentage. Enjoy this double dose of dense dankness with care, as certain farms have noted THC content upwards of 25% or greater.",Wedding-Cake,"Stress,Depression,Lack of Appetite,Insomnia",
White-Fire-Og,hybrid,4.5,"Uplifted,Relaxed,Energetic,Euphoric","Sweet,Earthy,Pungent","White Fire OG, also known as WiFi OG, is a 60% sativa hybrid with uplifting and comfortable cerebrally focused effects. This strain combines the best features of its parent strains: the sour, earthy, diesel aroma of Fire OG and the high resin production of The White that leaves the plants covered in a dusty snowfall of crystals. Many phenotypes of White Fire OG exist, some with dense, barrel-like buds and others with pointed, conic formations. Daytime use of this strain won’t leave the consumer drowsy, making it a good choice for social and creative activities. White Fire OG is often chosen by patients to treat anxiety and depression, cancer, glaucoma, pain, and appetite loss. Growers of White Fire OG can raise their high-yielding plants outdoors or inside with a 65-day flowering period.",White-Fire-Og,"Depression,Stress,Fatigue,Lack of Appetite",
White-Widow,hybrid,4.3,"Relaxed,Euphoric,Uplifted,Energetic","Earthy,Woody,Pungent","Among the most famous strains worldwide is White Widow, a balanced hybrid first bred in the Netherlands by Green House Seeds. A cross between a Brazilian sativa landrace and a resin-heavy South Indian indica,  White Widow has blessed every Dutch coffee shop menu since its birth in the 1990s. Its buds are white with crystal resin, warning you of the potent effects to come. A powerful burst of euphoria and energy breaks through immediately, stimulating both conversation and creativity. White Widow’s genetics have given rise to many other legends like White Russian, White Rhino, and Blue Widow. Still, many growers prefer cultivation of the original White Widow, which flowers in about 60 days indoors.",White-Widow,"Stress,Depression,Insomnia,Lack of Appetite",
Xxx-Og,indica,4.5,"Relaxed,Sleepy,Euphoric,Uplifted","Pine,Woody,Earthy","XXX OG, from parent strains OG Kush and XXX, is a hard-hitting indica that took 1st place in the 2014 Los Angeles Cannabis Cup. Its bulky, conic buds glow with a heavy, white coat of oozing trichomes, emitting earthy, pine, and lemon notes that combine for a sap-like aroma. In small doses, XXX OG induces moderately sedating effects that allow some mental clarity and physical energy. As you increase the dose, the fight against lethargy and couchlock becomes futile. This makes XXX OG an excellent remedy for sleeplessness, and severe cases of nausea and chronic pain may benefit from the potent effects of this indica. With a strain this powerful, dosing with caution is key.",Xxx-Og,"Fatigue,Stress,Insomnia",
Zkittlez,indica,4.6,"Relaxed,Euphoric,Uplifted,Sleepy","Sweet,Berry,Grape","Zkittlez is an indica-dominant mix of Grape Ape and Grapefruit that is crossed with another undisclosed strain to produce this candy-flavored cannabis bred by 3rd Gen Family and Terp Hogz. This award-winning combination took 1st Place at the 2016 Emerald Cup and 1st Place Indica at the 2015 Cannabis Cups in San Francisco and in Michigan. The chunky colas explode in a spectrum of light green hues and emit a sweet, tropical blend of fruit flavors. The effects of Zkittlez are surprisingly uplifting for an indica, leaving consumers focused, alert, and happy while relaxing the body to help unwind any time of day.",Zkittlez,"Stress,Depression,Fatigue,Insomnia",
,,,,,,,,
,,,,,,,,
,# Strains Contain,# Strains starts with ,,,,,,
Relaxed,100,75,,,,,,
Uplifted,88,19,,,,,,
Euphoric,118,16,,,,,,
Energetic,38,6,,,,,,
Hungry,18,1,,,,,,
Focused,29,1,,,,,,
sleepy,42,1,,,,,,
Creative,32,0,,,,,,
,,,,,,,,
Stress,117,95,,,,,,
Depression,110,13,,,,,,
Insomnia,69,4,,,,,,
Lack of appetite,46,2,,,,,,
Fatigue,41,3,,,,,,
Head,37,1,,,,,,
Muscle,19,0,,,,,,
Inflammation,18,1,,,,,,
Nausea,16,0,,,,,,